title,url,time_added,tags,status
Haemul-sundubu-jjigae (Spicy soft tofu stew with seafood) recipe - Maangchi,https://www.maangchi.com/recipe/soondubu-jjigae,1516567425,asian|dinner|maangchi|recipe|soup,unread
Bibimbap (Mixed rice with vegetables) recipe - Maangchi.com,https://www.maangchi.com/recipe/bibimbap,1516567343,asian|dinner|maangchi|recipe,unread
https://www.101cookbooks.com/archives/tempeh-curry-recipe.html,https://www.101cookbooks.com/archives/tempeh-curry-recipe.html,1644083665,dinner|recipe|tried-and-true|veg,unread
Steamed pork buns (Jjinppang-mandu) recipe - Maangchi.com,https://www.maangchi.com/recipe/jjinppang-mandu,1516566525,asian|dinner|maangchi|recipe,unread
Spinach side dish (Sigeumchi-namul) recipe - Maangchi.com,https://www.maangchi.com/recipe/sigumchi-namul,1516499529,asian|maangchi|recipe|side|veg,unread
https://www.bbcgoodfood.com/recipes/166615/walkers-wild-mushroom-bacon-and-barley-broth,https://www.bbcgoodfood.com/recipes/166615/walkers-wild-mushroom-bacon-and-barley-broth,1548718461,dinner|recipe|soup,unread
"Dessert punch with persimmon, cinnamon, and ginger (Sujeonggwa) recipe - Ma",https://www.maangchi.com/recipe/sujeonggwa,1516499135,asian|dessert|drink|maangchi|recipe,unread
Julia Child's Tian de Courgettes au Riz (Zucchini Tian),https://food52.com/recipes/18672-julia-child-s-tian-de-courgettes-au-riz-zucchini-tian,1678244834,dinner|recipe|side|veg,unread
Soybean sprouts (Kongnamul) recipe - Maangchi.com,https://www.maangchi.com/recipe/kongnamul,1516494211,asian|maangchi|recipe|veg,unread
http://www.pbs.org/food/kitchen-vignettes/delicata-squash-and-sage-biscuits/,http://www.pbs.org/food/kitchen-vignettes/delicata-squash-and-sage-biscuits/,1542741964,potluck|recipe,unread
https://www.bonappetit.com/recipe/nutty-grain-and-oat-bars,https://www.bonappetit.com/recipe/nutty-grain-and-oat-bars,1569208737,recipe,unread
http://angelasfoodlove.com/food-blog/2014/2/22/jamaican-jerk-chicken-with-serrano-lime-slaw-bringing-the-ca.html,http://angelasfoodlove.com/food-blog/2014/2/22/jamaican-jerk-chicken-with-serrano-lime-slaw-bringing-the-ca.html,1543197338,dinner|recipe,unread
https://www.maangchi.com/recipe/dak-kalguksu,https://www.maangchi.com/recipe/dak-kalguksu,1535314252,dinner|maangchi|noodles|soup|tried-and-true,unread
https://www.saveur.com/article/recipes/makhlama-lahm-iraqi-eggs-with-lamb-and-tomatoes/,https://www.saveur.com/article/recipes/makhlama-lahm-iraqi-eggs-with-lamb-and-tomatoes/,1623710104,brunch|dinner|egg|recipe,unread
King-size kimchi dumplings (Kimchi-wangmandu) recipe - Maangchi.com,https://www.maangchi.com/recipe/kimchi-wangmandu,1516567307,asian|dinner|maangchi|recipe,unread
https://www.seriouseats.com/recipes/2014/09/the-best-slow-cooked-italian-american-tomato-sauce-red-sauce-recipe.html,https://www.seriouseats.com/recipes/2014/09/the-best-slow-cooked-italian-american-tomato-sauce-red-sauce-recipe.html,1530108943,dinner|recipe|veg,unread
https://www.maangchi.com/recipe/kkae-ttangkong-gangjeong,https://www.maangchi.com/recipe/kkae-ttangkong-gangjeong,1520439140,candy|dessert|nuts|recipe,unread
https://cooking.nytimes.com/recipes/1014804-one-pot-mujadara-with-leeks-and-greens,https://cooking.nytimes.com/recipes/1014804-one-pot-mujadara-with-leeks-and-greens,1716858935,dinner|recipe|veg,unread
http://thewoksoflife.com/2014/12/easy-fish-tofu-soup/,http://thewoksoflife.com/2014/12/easy-fish-tofu-soup/,1522624477,asian|dinner|recipe|soup|tried-and-true,unread
Sundubu-jjigae (순두부찌개) Spicy soft tofu stew with kimchi and pork belly reci,https://www.maangchi.com/recipe/sundubu-jjigae,1516567472,asian|dinner|maangchi|recipe|soup,unread
Mark Bittman’s Bouillabaisse,https://cooking.nytimes.com/recipes/12637-mark-bittmans-bouillabaisse,1701631456,dinner|fish|recipe|soup,unread
Crispy Pork with Avocado Salsa and Tomato Salsa,https://www.epicurious.com/recipes/food/views/crispy-pork-with-avocado-salsa-and-tomato-salsa-108049,1722735117,dinner|potluck|recipe|tried-and-true,unread
http://www.thirstyfortea.com/recipes/matcha-croissant/,http://www.thirstyfortea.com/recipes/matcha-croissant/,1521250654,dessert|recipe|tea,unread
https://ny.eater.com/2014/4/22/6237793/the-pastry-cases-sample-christina-tosis-popcorn-cake,https://ny.eater.com/2014/4/22/6237793/the-pastry-cases-sample-christina-tosis-popcorn-cake,1533662214,cake|dessert|recipe|tosi,unread
https://www.epicurious.com/recipes/food/views/lemon-black-pepper-cornmeal-cookies-105885,https://www.epicurious.com/recipes/food/views/lemon-black-pepper-cornmeal-cookies-105885,1539833380,cookies|dessert|recipe,unread
Mung bean sprouts recipe - Maangchi.com,https://www.maangchi.com/recipe/sukju-namul,1516494027,asian|maangchi|recipe|veg,unread
"Halibut Confit With Leeks, Coriander, and Lemon recipe | Epicurious.com",https://www.epicurious.com/recipes/food/views/-halibut-confit-with-leeks-coriander-and-lemon-51252690,1519786138,dinner|fish|recipe,unread
Mung Bean Pancakes (Bindaetteok) recipe - Maangchi.com,https://www.maangchi.com/recipe/bindaetteok,1516494201,asian|maangchi|recipe,unread
Cranberry Curd Tart Recipe - NYT Cooking,https://cooking.nytimes.com/recipes/1017817-cranberry-curd-tart,1669332742,dessert,unread
Twisted Korean doughnuts (Kkwabaegi) recipe - Maangchi.com,https://www.maangchi.com/recipe/kkwabaegi,1516503500,dessert|maangchi|recipe,unread
Korean noodle soup (Guksu) recipe - Maangchi.com,https://www.maangchi.com/recipe/guksu,1516498177,asian|dinner|maangchi|recipe|soup,unread
Miso White Chocolate Chip Cookies – A Cozy Kitchen,http://www.acozykitchen.com/miso-chocolate-chip-cookies/,1516571329,cookies|dessert|recipe,unread
https://www.bonappetit.com/recipe/barbecue-carrots-with-yogurt-and-pecans,https://www.bonappetit.com/recipe/barbecue-carrots-with-yogurt-and-pecans,1551021197,recipe|side|veg,unread
https://www.thebittenword.com/thebittenword/2016/03/persian-style-rice-with-golden-crust-chelow.html,https://www.thebittenword.com/thebittenword/2016/03/persian-style-rice-with-golden-crust-chelow.html,1583711355,dinner|potluck|recipe|tried-and-true|veg,unread
https://www.seriouseats.com/2016/03/the-food-lab-vegan-experience-best-homemade-falafel.html,https://www.seriouseats.com/2016/03/the-food-lab-vegan-experience-best-homemade-falafel.html,1597715354,dinner|fried|recipe|tried-and-true|veg,unread
Pan-fried meat and tofu patties (Wanja-jeon) recipe - Maangchi.com,https://www.maangchi.com/recipe/wanja-jeon,1516553093,asian|beef|dinner|maangchi|potluck|recipe,unread
Easiest Spring Ever: Fava Bean and Carrot Salad With Fresh Ricotta | Seriou,http://www.seriouseats.com/2016/05/easiest-spring-ever-fava-bean-carrot-ricotta-salad.html,1516571382,recipe|salad|veg,unread
https://cooking.nytimes.com/recipes/1018212-creamy-corn-pasta-with-basil,https://cooking.nytimes.com/recipes/1018212-creamy-corn-pasta-with-basil,1628644241,dinner|noodles|recipe|tried-and-true|veg,unread
"Broccoli Rabe, Shakshuka Style Recipe - NYT Cooking",https://cooking.nytimes.com/recipes/1018252-broccoli-rabe-shakshuka-style,1713481404,brunch|dinner|egg|recipe,unread
Hotteok filled with vegetables & noodles (Yachae-hotteok: 야채호떡) recipe - Ma,https://www.maangchi.com/recipe/yachae-hotteok,1516553059,asian|fried|maangchi|recipe|veg,unread
https://thewoksoflife.com/2016/11/chinese-tea-eggs/,https://thewoksoflife.com/2016/11/chinese-tea-eggs/,1535015852,egg|potluck|recipe,unread
"5 Dinners to Stress-Cook and Stress-Eat During Stress-Time, a.k.a Election ",https://www.epicurious.com/recipes-menus/5-dinners-to-stress-cook-and-stress-eat-during-election-week-article,1677203064,,unread
http://www.instructables.com/id/Brain-Food-Jello-Brain/,http://www.instructables.com/id/Brain-Food-Jello-Brain/,1523132773,,unread
https://www.olivemagazine.com/recipes/entertain/beetroot-and-goats-cheese-terrine/,https://www.olivemagazine.com/recipes/entertain/beetroot-and-goats-cheese-terrine/,1545889865,dinner|potluck|recipe|veg,unread
https://www.olivemagazine.com/recipes/vegetarian/cauliflower-sformato-with-crispy-kale-and-caramelised-pine-nuts/,https://www.olivemagazine.com/recipes/vegetarian/cauliflower-sformato-with-crispy-kale-and-caramelised-pine-nuts/,1545889829,dinner|recipe|veg,unread
https://www.foodandwine.com/recipes/easy-seeded-rye-bread,https://www.foodandwine.com/recipes/easy-seeded-rye-bread,1674656285,bread|recipe,unread
Fried seaweed paper coated with glutinous rice paste (Gim-bugak: 김부각) recip,https://www.maangchi.com/recipe/gim-bugak,1516516821,asian|maangchi|recipe|side|tried-and-true|veg,unread
Mung bean porridge (Nokdu-juk: 녹두죽) recipe - Maangchi.com,https://www.maangchi.com/recipe/nokdu-juk,1516502449,asian|dinner|maangchi|recipe|veg,unread
https://cooking.nytimes.com/recipes/1018570-chinese-stir-fried-tomatoes-and-eggs,https://cooking.nytimes.com/recipes/1018570-chinese-stir-fried-tomatoes-and-eggs,1599348394,asian|brunch|dinner|egg|recipe|tried-and-true|veg,unread
Dumpling soup (Mandu-guk: 만두국) recipe - Maangchi.com,https://www.maangchi.com/recipe/mandu-guk,1516570878,asian|dinner|maangchi|recipe|soup,unread
Roasted Salmon with Celery and Bulgur Salad recipe | Epicurious.com,https://www.epicurious.com/recipes/food/views/roasted-salmon-with-celery-and-bulgur-salad,1516598959,dinner|fish|recipe|salad,unread
Roasted-Buckwheat Custards (Soba-Cha Puddings) Recipe | Serious Eats,http://www.seriouseats.com/recipes/2017/03/buckwheat-custards-pudding-soba-cha-dessert-recipe.html,1516493993,asian|dessert|recipe|tried-and-true,unread
How to Make Creamy Japanese Roasted-Buckwheat Custards | Serious Eats,http://www.seriouseats.com/2017/03/how-to-make-japanese-buckwheat-custards-soba-cha.html,1516477711,dessert|recipe,unread
"Baked Eggs With Creamy Greens, Mushrooms, and Cheese Recipe | Serious Eats",http://www.seriouseats.com/recipes/2017/03/baked-eggs-creamy-greens-swiss-chard-kale-spinach-mushrooms-recipe.html,1516571038,brunch|recipe|veg,unread
"Spicy, chewy, sweet & sour cold noodles (Jjolmyeon: 쫄면) recipe - Maangchi.c",https://www.maangchi.com/recipe/jjolmyeon,1516547394,asian|dinner|maangchi|noodles|recipe|veg,unread
Yotam Ottolenghi’s chilli butter recipes | Life and style | The Guardian,https://www.theguardian.com/lifeandstyle/2017/jun/17/chilli-butter-recipes-cilbir-sumac-chicken-baked-eggs-chard-yotam-ottolenghi,1516570990,brunch|dinner|recipe,unread
https://www.thekitchn.com/how-to-make-the-best-homemade-chocolate-ice-cream-244716,https://www.thekitchn.com/how-to-make-the-best-homemade-chocolate-ice-cream-244716,1533647222,dessert|recipe,unread
https://www.youtube.com/watch?v=4WSoP6X7_Z8,https://www.youtube.com/watch?v=4WSoP6X7_Z8,1530321689,cake|dessert|recipe|tea,unread
Julia Child’s Classic French Bouillabaisse Recipe,https://familystylefood.com/julia-childs-bouillabaisse-recipe/,1701631495,dinner|fish|recipe|soup,unread
https://smittenkitchen.com/2017/10/sausage-and-potato-roast-with-arugula/,https://smittenkitchen.com/2017/10/sausage-and-potato-roast-with-arugula/,1522452822,dinner|recipe,unread
https://www.ottolenghi.co.uk/middle-eastern-millionaire-s-shortbread-shop,https://www.ottolenghi.co.uk/middle-eastern-millionaire-s-shortbread-shop,1520138244,dessert|recipe,unread
https://cooking.nytimes.com/recipes/11948-gruyere-puff,https://cooking.nytimes.com/recipes/11948-gruyere-puff,1638744646,recipe|side|veg,unread
Soybean sprout soup with rice (Kongnamul-gukbap: 콩나물국밥) recipe - Maangchi.c,https://www.maangchi.com/recipe/kongnamul-gukbap,1516494229,asian|dinner|maangchi|recipe,unread
https://www.epicurious.com/recipes/food/views/tunisian-aromatic-fish-soup-with-potatoes-321,https://www.epicurious.com/recipes/food/views/tunisian-aromatic-fish-soup-with-potatoes-321,1584138404,fish|recipe|soup,unread
https://www.thekitchn.com/recipe-quicker-spicy-rice-cakes-253300,https://www.thekitchn.com/recipe-quicker-spicy-rice-cakes-253300,1570546676,asian|dinner|recipe,unread
Lime and Cilantro: Burmese turmeric lentil and bean thread noodle soup,http://www.limeandcilantro.com/2016/02/burmese-bean-thread-noodle-soup.html,1516571114,asian|dinner|noodles|pantry|recipe|soup|veg,unread
"Pork belly banh mi, scambled tofu, sweet potato mash | Yotam Ottolenghi’s c",https://www.theguardian.com/lifeandstyle/2018/jan/27/yotam-ottolenghis-coriander-recipes,1517113376,asian|brunch|dinner|recipe|veg,unread
*Arroz Caldo* (Chicken Rice Porridge) recipe | Epicurious.com,https://www.epicurious.com/recipes/food/views/arroz-caldo-filipino-chicken-rice-porridge,1519786120,dinner|recipe|tried-and-true,unread
https://www.101cookbooks.com/archives/sunshine-pad-thai-vegetarian-recipe.html,https://www.101cookbooks.com/archives/sunshine-pad-thai-vegetarian-recipe.html,1522452913,dinner|noodles|recipe|veg,unread
https://cookieandkate.com/2018/masala-lentil-salad-with-cumin-roasted-carrots/,https://cookieandkate.com/2018/masala-lentil-salad-with-cumin-roasted-carrots/,1534987619,dinner|recipe|salad|veg,unread
Lemon Sweet Rolls With Cream Cheese Icing,https://cooking.nytimes.com/recipes/1019242-lemon-sweet-rolls-with-cream-cheese-icing,1716753399,bread|brunch|dessert|recipe|veg,unread
https://www.ranchogordo.com/blogs/recipes/slow-baked-garbanzos,https://www.ranchogordo.com/blogs/recipes/slow-baked-garbanzos,1591383991,recipe|veg,unread
https://smittenkitchen.com/2018/04/crispy-tofu-pad-thai/,https://smittenkitchen.com/2018/04/crispy-tofu-pad-thai/,1555213522,asian|dinner|noodles|recipe,unread
https://www.theguardian.com/lifeandstyle/2018/jun/02/yotam-ottolenghi-fish-recipes,https://www.theguardian.com/lifeandstyle/2018/jun/02/yotam-ottolenghi-fish-recipes,1531099617,dinner|fish|recipe|tried-and-true,unread
https://omnivorescookbook.com/chinese-tea-eggs/,https://omnivorescookbook.com/chinese-tea-eggs/,1535015810,egg|potluck|recipe|tea,unread
https://www.101cookbooks.com/vegetarian-paella/,https://www.101cookbooks.com/vegetarian-paella/,1646014049,dinner|recipe|veg,unread
https://cooking.nytimes.com/recipes/1019384-coconut-poached-fish-with-bok-choy,https://cooking.nytimes.com/recipes/1019384-coconut-poached-fish-with-bok-choy,1563673788,asian|dinner|fish|recipe|tried-and-true,unread
https://www.seriouseats.com/2018/08/indian-street-food-snack-guide.html,https://www.seriouseats.com/2018/08/indian-street-food-snack-guide.html,1533647194,dinner|recipe|veg,unread
https://cooking.nytimes.com/recipes/1019542-velvet-fish-with-mushrooms,https://cooking.nytimes.com/recipes/1019542-velvet-fish-with-mushrooms,1643657476,asian|dinner|fish|recipe,unread
Green Shakshuka With Avocado and Lime Recipe - NYT Cooking,https://cooking.nytimes.com/recipes/1019468-green-shakshuka-with-avocado-and-lime,1713480931,brunch|dinner|egg|recipe|veg,unread
Old-Fashioned Doughnut Bundt Cake Recipe - NYT Cooking,https://cooking.nytimes.com/recipes/1019623-old-fashioned-doughnut-bundt-cake,1668536412,cake|dessert|recipe,unread
https://cooking.nytimes.com/recipes/1019768-baked-eggs-for-a-crowd,https://cooking.nytimes.com/recipes/1019768-baked-eggs-for-a-crowd,1652571782,brunch|egg|recipe|veg,unread
https://smittenkitchen.com/2018/12/baklava-babka,https://smittenkitchen.com/2018/12/baklava-babka,1560724740,bread|cake|dessert|nuts|recipe,unread
https://www.cooking-therapy.com/banh-cuon-recipe/,https://www.cooking-therapy.com/banh-cuon-recipe/,1648767013,asian|dinner|recipe,unread
https://www.theguardian.com/food/2019/jan/19/yotam-ottolenghi-recipes-traybakes-pork-mushroom-pasta-spicy-chicken-chickpeas,https://www.theguardian.com/food/2019/jan/19/yotam-ottolenghi-recipes-traybakes-pork-mushroom-pasta-spicy-chicken-chickpeas,1552106238,dinner|recipe,unread
Roasted Cauliflower Soup Recipe - NYT Cooking,https://cooking.nytimes.com/recipes/1019934-roasted-cauliflower-soup,1663941083,dinner|recipe|soup|veg,unread
https://food52.com/recipes/80653-hannah-bae-s-toasted-rice-ice-cream,https://food52.com/recipes/80653-hannah-bae-s-toasted-rice-ice-cream,1552498015,dessert|recipe,unread
https://www.theguardian.com/food/2019/apr/06/lamb-aubergine-kofta-mushroom-bake-meatball-recipe-yotam-ottolenghi,https://www.theguardian.com/food/2019/apr/06/lamb-aubergine-kofta-mushroom-bake-meatball-recipe-yotam-ottolenghi,1557243185,dinner|recipe,unread
https://www.theguardian.com/food/2019/apr/13/yotam-ottolenghi-easter-recipes-devilled-eggs-rice-lamb-chicken-chocolate-orange-bread,https://www.theguardian.com/food/2019/apr/13/yotam-ottolenghi-easter-recipes-devilled-eggs-rice-lamb-chicken-chocolate-orange-bread,1555174382,asian|bread|brunch|egg|potluck|recipe,unread
https://www.theguardian.com/food/2019/apr/20/yotam-ottolenghi-dumpling-recipes-aubergine-ricotta-gnocchi-rum-currant-speculaas,https://www.theguardian.com/food/2019/apr/20/yotam-ottolenghi-dumpling-recipes-aubergine-ricotta-gnocchi-rum-currant-speculaas,1557243280,dinner|recipe,unread
https://cooking.nytimes.com/recipes/1020187-spiced-chickpea-salad-with-tahini-and-pita-chips,https://cooking.nytimes.com/recipes/1020187-spiced-chickpea-salad-with-tahini-and-pita-chips,1646106954,dinner|recipe|salad|veg,unread
https://www.theguardian.com/food/2019/may/04/yotam-ottolenghi-broccoli-recipes-fried-pickled-rocket-pasta-mushroom-ketchup,https://www.theguardian.com/food/2019/may/04/yotam-ottolenghi-broccoli-recipes-fried-pickled-rocket-pasta-mushroom-ketchup,1557243144,recipe|side|veg,unread
"Ash Reshteh (Persian Greens, Bean and Noodle Soup)",https://cooking.nytimes.com/recipes/1020205-ash-reshteh-persian-greens-bean-and-noodle-soup,1678568628,dinner|noodles|recipe|soup|veg,unread
https://smittenkitchen.com/2019/05/potato-vareniki,https://smittenkitchen.com/2019/05/potato-vareniki,1560724570,dinner|noodles|recipe|veg,unread
https://www.bonappetit.com/recipe/healthyish-lentil-burgers,https://www.bonappetit.com/recipe/healthyish-lentil-burgers,1593466040,dinner|recipe|veg,unread
Feijoada (Brazilian Black Bean Stew) Recipe • Curious Cuisiniere,https://www.curiouscuisiniere.com/feijoada-brazilian-black-bean-stew/,1682036092,dinner|noodles|recipe,unread
https://www.theguardian.com/food/2019/jul/27/yotam-ottolenghi-miso-recipes-gochujang-eggs-leeks-sticky-bananas,https://www.theguardian.com/food/2019/jul/27/yotam-ottolenghi-miso-recipes-gochujang-eggs-leeks-sticky-bananas,1569190140,brunch|dinner|egg|recipe,unread
https://food52.com/recipes/63237-koupa-pie,https://food52.com/recipes/63237-koupa-pie,1568429259,dinner|potluck|recipe|tried-and-true,unread
https://ottolenghi.co.uk/recipes/slow-cooked-chicken-with-a-crisp-corn-crust,https://ottolenghi.co.uk/recipes/slow-cooked-chicken-with-a-crisp-corn-crust,1647032444,dinner|recipe,unread
https://www.feastingathome.com/moroccan-eggs/,https://www.feastingathome.com/moroccan-eggs/,1623710162,brunch|dinner|egg|recipe,unread
https://cooking.nytimes.com/recipes/1020613-celery-leek-soup-with-potato-and-parsley,https://cooking.nytimes.com/recipes/1020613-celery-leek-soup-with-potato-and-parsley,1663904904,potluck|recipe|soup|veg,unread
Lemony Turmeric Tea Cake,https://cooking.nytimes.com/recipes/1020637-lemony-turmeric-tea-cake,1716752980,cake|dessert|recipe,unread
https://cooking.nytimes.com/recipes/1020666-japanese-cheesecake,https://cooking.nytimes.com/recipes/1020666-japanese-cheesecake,1638744593,asian|cake|dessert|recipe,unread
Feast of the Seven Fishes Pie,https://cooking.nytimes.com/recipes/1020712-feast-of-the-seven-fishes-pie,1688604352,dinner|fish|recipe,unread
Spicy Sesame Noodles With Chicken and Peanuts Recipe - NYT Cooking,https://cooking.nytimes.com/recipes/1020732-spicy-sesame-noodles-with-chicken-and-peanuts,1713482036,asian|dinner|noodles|nuts|recipe,unread
https://katykeck.com/cheese-crisp/,https://katykeck.com/cheese-crisp/,1578890158,potluck|recipe|veg,unread
https://cooking.nytimes.com/recipes/1020727-chickpea-and-herb-fatteh,https://cooking.nytimes.com/recipes/1020727-chickpea-and-herb-fatteh,1642476205,potluck|recipe|veg,unread
https://cooking.nytimes.com/recipes/1020854-rice-cake-soup-with-bok-choy-and-edamame,https://cooking.nytimes.com/recipes/1020854-rice-cake-soup-with-bok-choy-and-edamame,1643580478,asian|dinner|recipe|soup|veg,unread
https://www.epicurious.com/recipes/food/views/lentil-bolognese,https://www.epicurious.com/recipes/food/views/lentil-bolognese,1593195996,dinner|noodles|pantry|recipe|veg,unread
Skillet Chicken and Pearl Couscous With Moroccan Spices Recipe - NYT Cookin,https://cooking.nytimes.com/recipes/1020967-skillet-chicken-and-pearl-couscous-with-moroccan-spices,1713481531,dinner|noodles|recipe,unread
Spring Tofu Soup Recipe - NYT Cooking,https://cooking.nytimes.com/recipes/1021030-spring-tofu-soup,1684197678,dinner|gf|recipe|soup|tried-and-true|veg,unread
https://iamafoodblog.com/vegan-taiwanese-popcorn-chickpea-chicken-recipe/,https://iamafoodblog.com/vegan-taiwanese-popcorn-chickpea-chicken-recipe/,1635706386,asian|dinner|fried|recipe|veg,unread
https://cooking.nytimes.com/recipes/1021161-caramelized-corn-and-asparagus-pasta-with-ricotta,https://cooking.nytimes.com/recipes/1021161-caramelized-corn-and-asparagus-pasta-with-ricotta,1628644672,dinner|noodles|recipe|veg,unread
Superiority Burger’s Crispy Fried Tofu Sandwich,https://cooking.nytimes.com/recipes/1021237-superiority-burgers-crispy-fried-tofu-sandwich,1691425377,dinner|recipe|veg,unread
https://www.101cookbooks.com/chocolate-fudge-tahini-cake/,https://www.101cookbooks.com/chocolate-fudge-tahini-cake/,1597871870,cake|dessert|recipe,unread
Peachberry Buckle,https://www.kingarthurbaking.com/recipes/peachberry-buckle-recipe,1725166669,brunch|cake|dessert|recipe,unread
https://cooking.nytimes.com/recipes/1021286-one-pan-crispy-spaghetti-and-chicken,https://cooking.nytimes.com/recipes/1021286-one-pan-crispy-spaghetti-and-chicken,1598190941,dinner|noodles|recipe,unread
https://cooking.nytimes.com/recipes/1020401-warm-fig-and-chocolate-sponge-cake?action=click&module=Recirculation%20Band%20Recipe%20Card&region=More%20recipes%20from%20Yotam%20Ottolenghi&pgType=recipedetails&rank=3,https://cooking.nytimes.com/recipes/1020401-warm-fig-and-chocolate-sponge-cake?action=click&module=Recirculation%20Band%20Recipe%20Card&region=More%20recipes%20from%20Yotam%20Ottolenghi&pgType=recipedetails&rank=3,1598191115,cake|dessert|recipe,unread
Indian Poha 101: How to Buy and Cook With Poha | Bon Appétit,https://www.bonappetit.com/story/all-about-poha,1719251887,brunch|recipe|side|veg,unread
https://cooking.nytimes.com/recipes/1021487-mapo-tofu-spaghetti,https://cooking.nytimes.com/recipes/1021487-mapo-tofu-spaghetti,1638746078,asian|dinner|noodles|recipe,unread
From dal to butter beans: Yotam Ottolenghi's recipes for legumes | Food | T,https://amp.theguardian.com/food/2020/oct/17/from-dal-to-butter-beans-yotam-ottolenghi-legumes-recipes,1651367094,dinner|recipe|veg,unread
https://www.indianhealthyrecipes.com/khaman-dhokla/,https://www.indianhealthyrecipes.com/khaman-dhokla/,1647818127,potluck|recipe|veg,unread
https://japan.recipetineats.com/hiroshima-okonomiyaki/,https://japan.recipetineats.com/hiroshima-okonomiyaki/,1642136957,asian|brunch|dinner|noodles|recipe,unread
https://cooking.nytimes.com/recipes/1021582-taiwanese-popcorn-chicken-with-fried-basil,https://cooking.nytimes.com/recipes/1021582-taiwanese-popcorn-chicken-with-fried-basil,1635705999,asian|dinner|fried|recipe|tried-and-true,unread
Maple-Baked Salmon Recipe - NYT Cooking,https://cooking.nytimes.com/recipes/1021718-maple-baked-salmon,1669332650,dinner|fish|recipe,unread
https://thewoksoflife.com/shanghai-scallion-flatbread-qiang-bing/,https://thewoksoflife.com/shanghai-scallion-flatbread-qiang-bing/,1643581541,asian|bread|recipe,unread
https://cooking.nytimes.com/recipes/1021769-herbed-chicken-and-spinach-meatballs,https://cooking.nytimes.com/recipes/1021769-herbed-chicken-and-spinach-meatballs,1609982877,recipe|tried-and-true,unread
https://www.theguardian.com/food/2021/jan/09/yotam-ottolenghis-recipes-warming-winter-soups-spinach-dulse-dal-pita-noodle-meat-broth-pomegranate-beetroot,https://www.theguardian.com/food/2021/jan/09/yotam-ottolenghis-recipes-warming-winter-soups-spinach-dulse-dal-pita-noodle-meat-broth-pomegranate-beetroot,1610288279,noodles|recipe|soup|veg,unread
https://cooking.nytimes.com/recipes/1021789-fried-tagliatelle-with-chickpeas-and-smoky-tomatoes,https://cooking.nytimes.com/recipes/1021789-fried-tagliatelle-with-chickpeas-and-smoky-tomatoes,1611434614,dinner|noodles|pantry|recipe|veg,unread
https://cooking.nytimes.com/recipes/1021833-thit-heo-kho-trung-pork-and-eggs-in-caramel-sauce,https://cooking.nytimes.com/recipes/1021833-thit-heo-kho-trung-pork-and-eggs-in-caramel-sauce,1643580275,asian|dinner|recipe,unread
https://cooking.nytimes.com/recipes/1021840-pressure-cooker-vietnamese-caramel-pork-and-eggs,https://cooking.nytimes.com/recipes/1021840-pressure-cooker-vietnamese-caramel-pork-and-eggs,1643657459,asian|dinner|recipe,unread
https://www.theguardian.com/food/2021/feb/13/from-lime-gravadlax-to-pulled-lamb-yotam-ottolenghi-slow-cooked-recipes,https://www.theguardian.com/food/2021/feb/13/from-lime-gravadlax-to-pulled-lamb-yotam-ottolenghi-slow-cooked-recipes,1613259990,cake|dessert|dinner|recipe,unread
Log Into Facebook,https://cooking.nytimes.com/recipes/1021902-braised-white-beans-and-greens-with-parmesan,1706475065,,unread
https://cooking.nytimes.com/recipes/1021938-ginger-dill-salmon,https://cooking.nytimes.com/recipes/1021938-ginger-dill-salmon,1663905868,dinner|fish|recipe|salad,unread
https://cooking.nytimes.com/recipes/1021939-sholeh-zard-persian-rice-pudding,https://cooking.nytimes.com/recipes/1021939-sholeh-zard-persian-rice-pudding,1646106904,dessert|gf|recipe,unread
http://somanymiles.com/2019/04/khao-soi-lao-rice-noodles/,http://somanymiles.com/2019/04/khao-soi-lao-rice-noodles/,1614719330,asian|dinner|noodles|recipe|soup,unread
Crispy Gnocchi With Burst Tomatoes and Mozzarella Recipe,https://cooking.nytimes.com/recipes/1022024-crispy-gnocchi-with-burst-tomatoes-and-mozzarella,1720147606,dinner|noodles|recipe|veg,unread
https://cooking.nytimes.com/recipes/1022040-spring-pasta-bolognese-with-lamb-and-peas,https://cooking.nytimes.com/recipes/1022040-spring-pasta-bolognese-with-lamb-and-peas,1663906224,dinner|noodles|recipe,unread
https://cooking.nytimes.com/recipes/1022063-brothy-cod-with-peas-and-mushrooms,https://cooking.nytimes.com/recipes/1022063-brothy-cod-with-peas-and-mushrooms,1652680462,dinner|fish|recipe|soup,unread
"https://smittenkitchen.com/2021/04/sheet-pan-chow-mein/#:~:text=%20Sheet%20Pan%20Chow%20Mein%20%201%201,asparagus%2C%20sugar%20snaps%2C%20or%20snow%20peas%2C...%20More%20","https://smittenkitchen.com/2021/04/sheet-pan-chow-mein/#:~:text=%20Sheet%20Pan%20Chow%20Mein%20%201%201,asparagus%2C%20sugar%20snaps%2C%20or%20snow%20peas%2C...%20More%20",1618790671,asian|dinner|noodles|veg,unread
Coconut Fish and Tomato Bake,https://cooking.nytimes.com/recipes/1022129-coconut-fish-and-tomato-bake,1693247874,dinner|fish|recipe,unread
https://cooking.nytimes.com/recipes/1022127-lemony-pea-and-spinach-soup,https://cooking.nytimes.com/recipes/1022127-lemony-pea-and-spinach-soup,1663905188,dinner|recipe|soup|veg,unread
https://www.seriouseats.com/galam-plee-nam-pla-thai-stir-fried-cabbage-with-fish-sauce-and-garlic,https://www.seriouseats.com/galam-plee-nam-pla-thai-stir-fried-cabbage-with-fish-sauce-and-garlic,1623083277,asian|recipe|side|veg,unread
https://www.seriouseats.com/yam-khai-do-thai-fried-egg-salad,https://www.seriouseats.com/yam-khai-do-thai-fried-egg-salad,1623083061,asian|egg|recipe|salad|veg,unread
Spicy Shrimp and Chickpea Salad Recipe - NYT Cooking,https://cooking.nytimes.com/recipes/1022161-spicy-shrimp-and-chickpea-salad,1652066797,dinner|recipe,unread
Labaniyeh bil Ruz (Garlicky Yogurt and Rice Porridge) Recipe,https://www.seriouseats.com/labaniyeh-bil-ruz-5180234,1672970805,dinner|recipe|veg,unread
https://www.bonappetit.com/recipe/thai-roast-chicken-thighs-with-coconut-rice,https://www.bonappetit.com/recipe/thai-roast-chicken-thighs-with-coconut-rice,1641174155,asian|dinner|recipe,unread
The Lab-Leak Theory: Inside the Fight to Uncover COVID-19’s Origins | Vanit,https://www.vanityfair.com/news/2021/06/the-lab-leak-theory-inside-the-fight-to-uncover-covid-19s-origins,1622897726,,unread
George Packer: The Four Americas - The Atlantic,https://www.theatlantic.com/magazine/archive/2021/07/george-packer-four-americas/619012/,1623638315,news,unread
https://afghancooks.com/mashawa-soup/,https://afghancooks.com/mashawa-soup/,1623710383,dinner|recipe|soup|tried-and-true|veg,unread
West Lake Soup Recipe,https://www.seriouseats.com/west-lake-soup-chichis-chinese-recipe,1670734202,asian|beef|egg|recipe|soup,unread
https://www.epicurious.com/recipes/food/views/masa-pancakes-alan-delgado,https://www.epicurious.com/recipes/food/views/masa-pancakes-alan-delgado,1624812683,brunch|recipe|veg,unread
https://www.101cookbooks.com/tlt-sandwich/,https://www.101cookbooks.com/tlt-sandwich/,1644083690,dinner|recipe|veg,unread
Cumin Tofu Stir-Fry,https://cooking.nytimes.com/recipes/1022438-cumin-tofu-stir-fry,1668985986,dinner|recipe|veg,unread
https://food52.com/recipes/82939-red-lentil-kofte,https://food52.com/recipes/82939-red-lentil-kofte,1630373489,dinner|recipe|veg,unread
https://chefoodrevolution.com/en/red-lentil-patties-packed-with-iron-and-perfect-for-summer/,https://chefoodrevolution.com/en/red-lentil-patties-packed-with-iron-and-perfect-for-summer/,1630373501,dinner|recipe|veg,unread
https://web.archive.org/web/20191203104527/http://www.limeandcilantro.com/2016/02/burmese-bean-thread-noodle-soup.html,https://web.archive.org/web/20191203104527/http://www.limeandcilantro.com/2016/02/burmese-bean-thread-noodle-soup.html,1630373841,dinner|recipe|soup|veg,unread
Cold Noodles With Tomatoes,https://cooking.nytimes.com/recipes/1022543-cold-noodles-with-tomatoes,1687646564,asian|dinner|noodles|potluck|recipe|summer|veg,unread
"Eggs, tomatoes, feta and fruit: Yotam Ottolenghi’s brunch recipes | Food | ",https://www.theguardian.com/food/2021/oct/02/eggs-rougaille-leek-cheese-pita-pepper-dip-grilled-pineapple-maple-lime-dressing-yotam-ottolenghi-brunch-recipes,1639436055,brunch|egg|recipe,unread
Miso-Maple Loaf Recipe - NYT Cooking,https://cooking.nytimes.com/recipes/1022610-miso-maple-loaf,1633813502,cake|dessert|recipe,unread
Italian rice cake and allspice chicken: Yotam Ottolenghi’s rice recipes | F,https://www.theguardian.com/food/2021/oct/09/italian-rice-cake-and-allspice-chicken-with-dill-rice-yotam-ottolenghi-rice-recipes,1633789394,cake|dessert|recipe,unread
Ottolenghi’s za’atar salmon and tahini recipe | The Independent,https://www.independent.co.uk/life-style/food-and-drink/ottolenghi-salmon-tahini-zaatar-recipe-b1935596.html,1634016680,dinner|fish|recipe|tried-and-true,unread
Moroccan-Spiced Chicken Meatballs Recipe - NYT Cooking,https://cooking.nytimes.com/recipes/1022719-moroccan-spiced-chicken-meatballs,1668469894,dinner|recipe,unread
https://cooking.nytimes.com/recipes/1022669-french-onion-stuffing,https://cooking.nytimes.com/recipes/1022669-french-onion-stuffing,1637777523,bread|dinner|potluck|recipe|veg,unread
https://cooking.nytimes.com/recipes/1022670-persian-rice-stuffed-onions,https://cooking.nytimes.com/recipes/1022670-persian-rice-stuffed-onions,1637777310,dinner|potluck|recipe|veg,unread
https://cooking.nytimes.com/recipes/1022691-savory-mixed-nut-shortbread,https://cooking.nytimes.com/recipes/1022691-savory-mixed-nut-shortbread,1639369009,cookies|dessert|recipe,unread
https://cooking.nytimes.com/recipes/1022930-cock-a-leekie-soup-scottish-chicken-and-leek-soup,https://cooking.nytimes.com/recipes/1022930-cock-a-leekie-soup-scottish-chicken-and-leek-soup,1643579669,dinner|recipe|soup,unread
https://www.theguardian.com/food/2022/feb/05/yotam-ottolenghi-filipino-recipes-pork-lumpia-prawn-coconut-stew-pandan-tapioca-custards,https://www.theguardian.com/food/2022/feb/05/yotam-ottolenghi-filipino-recipes-pork-lumpia-prawn-coconut-stew-pandan-tapioca-custards,1644099888,asian|dinner|recipe|soup,unread
"Dorayaki, galettes and blintzes: Yotam Ottolenghi’s pancake recipes from ar",https://www.theguardian.com/food/2022/feb/26/dorayaki-galettes-blintzes-yotam-ottolenghi-pancake-recipes-from-around-the-world,1645882124,brunch|egg|recipe,unread
https://cooking.nytimes.com/recipes/1023008-oxtail-and-butter-beans,https://cooking.nytimes.com/recipes/1023008-oxtail-and-butter-beans,1646605533,beef|dinner|recipe,unread
https://cooking.nytimes.com/recipes/1023012-san-francisco-style-vietnamese-american-garlic-noodles,https://cooking.nytimes.com/recipes/1023012-san-francisco-style-vietnamese-american-garlic-noodles,1646605788,dinner|noodles|recipe|veg,unread
Ash Reshteh - Persian Noodle Soup,https://www.proportionalplate.com/ash-reshteh/,1678568441,dinner|noodles|recipe|soup|veg,unread
https://www.washingtonpost.com/food/2022/03/06/chickpea-flour-omelet-recipe/,https://www.washingtonpost.com/food/2022/03/06/chickpea-flour-omelet-recipe/,1646670297,brunch|dinner|recipe|veg,unread
https://food52.com/recipes/87490-best-broccoli-pesto-recipe,https://food52.com/recipes/87490-best-broccoli-pesto-recipe,1678228983,dinner|noodles|recipe|veg,unread
Cauliflower Shawarma With Spicy Tahini,https://cooking.nytimes.com/recipes/1023019-cauliflower-shawarma-with-spicy-tahini,1691425315,dinner|recipe|veg,unread
https://cooking.nytimes.com/recipes/1023051-spring-barley-soup,https://cooking.nytimes.com/recipes/1023051-spring-barley-soup,1663906351,dinner|recipe|soup|veg,unread
https://www.cooking-therapy.com/vegetarian-banh-cuon/,https://www.cooking-therapy.com/vegetarian-banh-cuon/,1648767195,asian|dinner|recipe|veg,unread
Cantonese Slippery Eggs with Tofu and Peas Recipe,https://www.seriouseats.com/cantonese-eggs-with-tofu-and-peas-recipe-5218067,1670734241,asian|dinner|egg|recipe|veg,unread
Harissa (Armenian Wheat and Chicken Porridge),https://www.seriouseats.com/harissa-armenian-wheat-and-chicken-porridge-recipe-5224855,1672956363,dinner|recipe|soup,unread
One-pot miso corn pasta,https://www.abc.net.au/everyday/one-pot-miso-corn-pasta-recipe/100999086,1678243798,dinner|noodles|recipe|veg,unread
https://cooking.nytimes.com/recipes/1023156-baghali-ghatogh-fava-bean-stew,https://cooking.nytimes.com/recipes/1023156-baghali-ghatogh-fava-bean-stew,1663905430,dinner|recipe|soup|veg,unread
https://tcho.com/blogs/recipes-desserts/ube-sweet-potato-pie-with-chocolate-crust,https://tcho.com/blogs/recipes-desserts/ube-sweet-potato-pie-with-chocolate-crust,1660187963,dessert|recipe,unread
corn butter farro,https://smittenkitchen.com/2022/08/corn-butter-farro/,1678242969,dinner|recipe|side|veg,unread
27 Of Our Favorite Tofu Recipes - The Woks of Life,https://thewoksoflife.com/27-favorite-tofu-recipes/,1661770983,asian|dinner|recipe|veg,unread
Guizhou Rice Shake (冰浆),https://www.youtube.com/watch?v=4CQY05nXT-s,1670733996,asian|drink|recipe,unread
Breakfast Split Pea Soup from Yunnan (稀豆粉),https://www.youtube.com/watch?v=vUqYd68OTv8,1670733353,asian|brunch|recipe|veg,unread
Chewy Curried Pork Donuts From Mandy Lee,https://food52.com/recipes/88371-chewy-curried-pork-donuts,1665547778,recipe,unread
Steamed Pork Buns (Xian Rou Bao),https://www.kingarthurbaking.com/recipes/steamed-pork-buns-xian-rou-bao-recipe,1670357828,asian|dinner|recipe,unread
Sesame-Brown Butter Udon Noodles Recipe - NYT Cooking,https://cooking.nytimes.com/recipes/1023588-sesame-brown-butter-udon-noodles,1669857751,asian|dinner|noodles|recipe|veg,unread
Building Resilient Organizations | The Forge,https://forgeorganizing.org/article/building-resilient-organizations,1674537700,,unread
Fish pie with a rosti topping recipe by Rosie Sykes,https://www.theguardian.com/food/2023/jan/30/fish-pie-with-rosti-topping-recipe-rosie-sykes,1700622940,dinner|fish|recipe,unread
"Lemon cream pie, buttered toast crust",https://sassafrascurio.substack.com/p/lemon-cream-pie-buttered-toast-crust,1676927339,dessert|recipe,unread
From lamb meatballs to kale pesto: Yotam Ottolenghi’s one-pot pasta recipes,https://www.theguardian.com/food/2023/feb/25/from-lamb-meatballs-to-kale-pesto-yotam-ottolenghis-one-pot-pasta-recipes,1677447522,noodles|recipe,unread
Tahini Ramen Salad Recipe,https://cooking.nytimes.com/recipes/1024037-tahini-ramen-salad,1717904164,dinner|noodles|recipe|side|veg,unread
Chef Mel's Genuine Journey: Charred sweet corn ice cream,https://www.wickedlocal.com/story/the-winchester-star/2017/07/29/chef-mel-s-genuine-journey/20056098007/,1684374732,dessert|recipe,unread
Toasted Sesame and Citrus Wedding Cake,https://cooking.nytimes.com/recipes/1024238-toasted-sesame-and-citrus-wedding-cake,1685915277,cake|dessert|recipe,unread
Gochujang Burger With Spicy Slaw,https://cooking.nytimes.com/recipes/1023423-gochujang-burger-with-spicy-slaw,1685912157,dinner|grill|recipe,unread
Dumpling Tomato Salad With Chile Crisp Vinaigrette,https://cooking.nytimes.com/recipes/1024075-dumpling-tomato-salad-with-chile-crisp-vinaigrette,1687646957,asian|dinner|recipe|summer,unread
Gingery Meatballs in Tomato Sauce Recipe,https://cooking.nytimes.com/recipes/1024295-gingery-meatballs-in-tomato-sauce,1722892567,dinner|recipe|summer|tried-and-true,unread
Four Levels of Vegetarian Sandwiches,https://www.nytimes.com/2023/08/03/dining/four-levels-of-vegetarian-sandwiches.html,1691362295,dinner|recipe|veg,unread
Sungold Tomato Pasta,https://wishbonekitchen.com/sungold-tomato-pasta/,1694405558,noodles|recipe|veg,unread
"Cold Sesame Noodles With Cucumber, Corn and Basil Recipe",https://cooking.nytimes.com/recipes/1024544-cold-sesame-noodles-with-cucumber-corn-and-basil,1720147333,asian|dinner|noodles|recipe|summer|veg,unread
Peach Tart — ZoZo,https://www.zozobaking.com/blog/peach-tart-1,1694659640,dessert|recipe,unread
Thai Tea Tres Leches Cake,https://cooking.nytimes.com/recipes/1024865-thai-tea-tres-leches-cake,1701833414,cake|dessert|recipe|tea,unread
Passion Fruit Curd,https://niksharmacooks.com/passion-fruit-curd-2/,1702743649,dessert|recipe,unread
Ube Bibingka Custard Buns,https://www.kingarthurbaking.com/recipes/ube-bibingka-custard-buns-recipe,1725167384,bread|cake|dessert|recipe,unread
Lemony Pearl Barley Soup Recipe - NYT Cooking,https://cooking.nytimes.com/recipes/1025017-lemony-pearl-barley-soup,1709174450,dinner|soup|veg,unread
Skillet Pasta With Bacon and Eggs Recipe,https://cooking.nytimes.com/recipes/1024673-skillet-pasta-with-bacon-and-eggs,1719542669,dinner|noodles|recipe,unread
Spicy Mushroom and Tofu Mazemen Recipe,https://cooking.nytimes.com/recipes/1025021-spicy-mushroom-and-tofu-mazemen,1724641856,asian|dinner|noodles|recipe|summer|tried-and-true|veg,unread
Grilled Asparagus With Miso and Olives Recipe - NYT Cooking,https://cooking.nytimes.com/recipes/1025150-grilled-asparagus-with-miso-and-olives,1714102097,recipe|side|veg,unread
"Creamy, Spicy Tomato Beans and Greens  Recipe",https://cooking.nytimes.com/recipes/1025325-creamy-spicy-tomato-beans-and-greens,1716579907,dinner|recipe|veg,unread
Yotam Ottolenghi’s five-ingredient (or thereabouts) recipes | Chicken | The,https://www.theguardian.com/food/article/2024/may/11/yotam-ottolenghi-five-ingredient-or-thereabouts-recipes-chicken-rice-spring-onion-broad-beans,1715506101,dinner|recipe,unread
Black Lime Salmon Recipe,https://cooking.nytimes.com/recipes/1025467-black-lime-salmon,1719807991,dinner|fish|recipe,unread
Cold Noodles With Zucchini Recipe,https://cooking.nytimes.com/recipes/1025615-cold-noodles-with-zucchini,1719533749,noodles|recipe|veg,unread
Curry Tomatoes and Chickpeas With Cucumber Yogurt Recipe,https://cooking.nytimes.com/recipes/1025658-curry-tomatoes-and-chickpeas-with-cucumber-yogurt,1720988897,dinner|recipe|side|summer|veg,unread
Pearl Couscous Salad With Shrimp and Feta Recipe,https://cooking.nytimes.com/recipes/1025552-pearl-couscous-salad-with-shrimp-and-feta,1720628722,dinner|noodles|recipe|summer,unread
Smoky Confit Tomato and Lemon Pasta Recipe,https://cooking.nytimes.com/recipes/1025558-smoky-confit-tomato-and-lemon-pasta,1721310245,dinner|noodles|recipe|veg,unread
https://cooking.nytimes.com/recipes/1017170-cauliflower-parmesan?smid=url-share,https://cooking.nytimes.com/recipes/1017170-cauliflower-parmesan?smid=url-share,1726372874,dinner|recipe|veg,unread
Spanish-Style Lamb Stew Recipe,https://cooking.nytimes.com/recipes/1013115-spanish-style-lamb-stew,1727325065,dinner|recipe,unread
Tahini Apple Tart,https://cooking.nytimes.com/recipes/1025924-tahini-apple-tart,1727582113,dessert|recipe|tried-and-true,unread
Corn and Miso Pasta Salad Recipe,https://cooking.nytimes.com/recipes/1024306-corn-and-miso-pasta-salad,1727643645,dinner|noodles|recipe|summer|veg,unread
"Sheet-Pan Chicken With Potatoes, Arugula and Garlic Yogurt Recipe (with Video)",https://cooking.nytimes.com/recipes/1017359-sheet-pan-chicken-with-potatoes-arugula-and-garlic-yogurt,1727644101,dinner|recipe,unread
Miso-Mushroom Barley Soup,https://cooking.nytimes.com/recipes/1025053-miso-mushroom-barley-soup,1728692160,asian|dinner|recipe|soup|veg,unread
"Lemony Greek Chicken, Spinach and Potato Stew",https://cooking.nytimes.com/recipes/1024015-lemony-greek-chicken-spinach-and-potato-stew,1728692192,dinner|recipe|soup,unread
Tofu and Tomato Egg Drop Soup,https://cooking.nytimes.com/recipes/1023123-tofu-and-tomato-egg-drop-soup,1728692214,asian|dinner|recipe|soup|veg,unread
Lentil Salad With Roasted Vegetables,https://cooking.nytimes.com/recipes/1017128-lentil-salad-with-roasted-vegetables?algo=identity&fellback=true&imp_id=400262543400172&req_id=6105328794061311,1728698285,dinner|recipe|side|veg,unread
Breakfast Salad,https://cooking.nytimes.com/recipes/1019419-breakfast-salad,1729387869,brunch|egg|gf|recipe|salad|veg,unread
Squash and Spinach Salad With Sesame Vinaigrette Recipe,https://cooking.nytimes.com/recipes/1023809-squash-and-spinach-salad-with-sesame-vinaigrette,1729513755,dinner|recipe|salad|side|veg,unread
Bánh Bò Nướng (Honeycomb Cake) Recipe,https://cooking.nytimes.com/recipes/1025655-banh-bo-n-ng-honeycomb-cake,1730692456,cake|dessert|recipe,unread
Scallion-Oil Fish Recipe,https://cooking.nytimes.com/recipes/1026167-scallion-oil-fish,1730770410,asian|dinner|fish|recipe,unread
Lemony Chicken-Feta Meatball Soup With Spinach Recipe,https://cooking.nytimes.com/recipes/1021943-lemony-chicken-feta-meatball-soup-with-spinach,1730781126,dinner|recipe|soup,unread
Spicy Slow-Roasted Salmon With Cucumbers and Feta Recipe,https://cooking.nytimes.com/recipes/1019789-spicy-slow-roasted-salmon-with-cucumbers-and-feta,1730844908,dinner|fish|recipe,unread
https://www.patagoniaprovisions.com/blogs/recipes/easy-skillet-mac-and-cheese,https://www.patagoniaprovisions.com/blogs/recipes/easy-skillet-mac-and-cheese,1731203604,dinner|noodles|recipe|veg,unread
Chocolate Stout Cake With Coffee Glaze,https://cooking.nytimes.com/recipes/1021873-chocolate-stout-cake-with-coffee-glaze,1731280437,cake|dessert|recipe,unread
Hand-Pulled Noodles,https://cooking.nytimes.com/recipes/1024752-hand-pulled-noodles,1731299382,asian|dinner|noodles|recipe|veg,unread
Spicy Big Tray Chicken,https://cooking.nytimes.com/recipes/1015473-spicy-big-tray-chicken,1731299414,asian|dinner|recipe,unread
https://cooking.nytimes.com/recipes/1023910-baked-salmon-and-dill-rice,https://cooking.nytimes.com/recipes/1023910-baked-salmon-and-dill-rice,1735013648,dinner|fish|recipe,unread
Crispy Sage Fried Chicken Recipe,https://cooking.nytimes.com/recipes/1026010-crispy-sage-fried-chicken,1731638717,dinner|fried|recipe,unread
Coconut Curry Chickpeas With Pumpkin and Lime Recipe,https://cooking.nytimes.com/recipes/1020463-coconut-curry-chickpeas-with-pumpkin-and-lime,1731638881,dinner|pantry|recipe|veg,unread
Pumpkin Bundt Cake With Maple Brown-Butter Glaze Recipe,https://cooking.nytimes.com/recipes/1018933-pumpkin-bundt-cake-with-maple-brown-butter-glaze,1732750124,cake|dessert|recipe,unread
Milk tarts and special sauce spinach: Yotam Ottolenghi’s freezer-raid recipes,https://www.theguardian.com/food/2024/nov/09/yotam-ottolenghi-milk-tarts-special-sauce-stange-flavour-spinach-recipes-freezer,1733278596,recipe|veg,unread
Focaccia di Recco Recipe,https://www.seriouseats.com/focaccia-di-recco-5214962,1733320920,bread|recipe,unread
Miso Mushroom and Leek Pasta  Recipe,https://cooking.nytimes.com/recipes/1025951-miso-mushroom-and-leek-pasta,1733453790,noodles|recipe|veg,unread
Miso Leeks With White Beans Recipe,https://cooking.nytimes.com/recipes/1025022-miso-leeks-with-white-beans,1733926469,dinner|recipe|veg,unread
Mapo Ragù Recipe,https://cooking.nytimes.com/recipes/1018404-mapo-ragu,1734354635,asian|dinner|recipe,unread
The best pierogi dough recipe + how to make perfect pierogi (+VIDEO!),https://www.everyday-delicious.com/the-best-pierogi-dough-recipe-how-to-make-the-best-pierogi-polish-dumplings/#comments,1734500089,dinner|recipe|veg,unread
Brown Butter Shortbread Cookies,https://www.seriouseats.com/brown-butter-shortbread-cookie-recipe,1734975093,cookies|dessert|recipe,unread
https://cooking.nytimes.com/recipes/1022681-crispy-salmon-with-mixed-seeds,https://cooking.nytimes.com/recipes/1022681-crispy-salmon-with-mixed-seeds,1735013668,dinner|fish|recipe,unread
Shrimp in Rundown Sauce With Cavatelli Recipe,https://cooking.nytimes.com/recipes/1024445-shrimp-in-rundown-sauce-with-cavatelli,1736480230,dinner|noodles|recipe,unread
Merguez and Kale Pasta Recipe,https://cooking.nytimes.com/recipes/1024242-merguez-and-kale-pasta,1736798347,dinner|noodles|recipe,unread
Chicken and Red Lentil Soup With Lemony Yogurt  Recipe,https://cooking.nytimes.com/recipes/1026473-chicken-and-red-lentil-soup-with-lemony-yogurt,1737084057,dinner|recipe|soup,unread
Matcha Shokupan (Japanese Milk Bread) | Sift & Simmer,https://www.siftandsimmer.com/matcha-shokupan-japanese-milk-bread/#comments,1737966967,asian|bread|recipe,unread
Marbled Matcha Milk Bread Recipe | King Arthur Baking,https://www.kingarthurbaking.com/recipes/marbled-matcha-milk-bread-recipe,1737967010,asian|bread|recipe,unread
Matcha Black Sesame Rolls | Sift & Simmer,https://www.siftandsimmer.com/matcha-black-sesame-rolls/,1737967023,asian|bread|recipe,unread
Chile Oil Wontons Recipe (with Video),https://cooking.nytimes.com/recipes/1026437-chile-oil-wontons,1738125425,asian|dinner|recipe,unread
Slow-Roasted Salmon With Mushroom-Leek Broth Recipe,https://cooking.nytimes.com/recipes/1021584-slow-roasted-salmon-with-mushroom-leek-broth,1738127176,asian|dinner|fish|recipe,unread
Chicken and Chickpea Tray Bake Recipe,https://cooking.nytimes.com/recipes/1026583-chicken-and-chickpea-tray-bake,1739847100,dinner|gf|recipe,unread
Microwave Sticky Toffee Pudding,https://cooking.nytimes.com/recipes/1026585-microwave-sticky-toffee-pudding,1740506604,dessert|recipe,unread
"Ash Reshteh (Greens, Beans and Noodle Soup)  Recipe",https://cooking.nytimes.com/recipes/1026638-ash-reshteh-greens-beans-and-noodle-soup,1742062420,dinner|noodles|recipe|soup|veg,unread
Chile-Lime Crispy Rice With Roasted Vegetables Recipe,https://cooking.nytimes.com/recipes/1026659-chile-lime-crispy-rice-with-roasted-vegetables,1742763762,asian|dinner|recipe|veg,unread
Creamy Fish With Mushrooms and Bacon Recipe,https://cooking.nytimes.com/recipes/1025317-creamy-fish-with-mushrooms-and-bacon,1742763791,dinner|fish|recipe,unread
Roasted Vegetables With Creamy Coconut Dressing Recipe,https://cooking.nytimes.com/recipes/1024701-roasted-vegetables-with-creamy-coconut-dressing,1743023956,dinner|recipe|salad|side|veg,unread
Fragrant Coconut Chicken and Sweet Potato  Recipe,https://cooking.nytimes.com/recipes/1026305-fragrant-coconut-chicken-and-sweet-potato,1743096870,asian|dinner|recipe,unread
Stir-Fried Cabbage and Pork in Fish Sauce Butter Recipe,https://cooking.nytimes.com/recipes/1026308-stir-fried-cabbage-and-pork-in-fish-sauce-butter,1743096976,asian|dinner|recipe,unread
Lazy Daisy Cake Recipe,https://cooking.nytimes.com/recipes/1026645-lazy-daisy-cake,1743097602,cake|dessert|recipe,unread
"Ramen With Charred Scallions, Green Beans and Chile Oil Recipe",https://cooking.nytimes.com/recipes/1021339-ramen-with-charred-scallions-green-beans-and-chile-oil,1743134463,asian|dinner|noodles|recipe,unread
Caramelized-Scallion Sauce Recipe,https://cooking.nytimes.com/recipes/1019308-caramelized-scallion-sauce,1743154846,dinner|recipe,unread
"How to Cook Fish, the French Way - NYT Cooking",https://cooking.nytimes.com/article/dover-sole-meuniere,1743212979,dinner|fish|recipe,unread
Spicy Miso Lentil Soup Recipe,https://cooking.nytimes.com/recipes/1026788-spicy-miso-lentil-soup,1745695752,dinner|gf|recipe|soup|veg,unread
